1;Château Giscours;null;1988;3;15;true;240;360;400
2;Château Margaux;null;1993;12;7.5;true;3000;3600;3250
3;Château Margaux;null;1993;6;15;true;3000;3600;3200
4;Château Margaux;null;1994;12;7.5;true;3300;4500;3400
5;Château Mouton Rothschild;null;1989;2;7.5;false;480;600;580
6;Château Mouton Rothschild;null;1993;5;7.5;false;1500;2000;1550
7;Château Mouton Rothschild;null;1993;6;7.5;true;1800;2400;1800
8;Château Mouton Rothschild;null;1993;6;15;true;2700;3300;3400
9;Château Mouton Rothschild;null;1994;12;7.5;true;2640;3300;3400
10;Château Lafite Rothschild;null;1989;5;7.5;true;2500;3600;2400
11;Château Lafite Rothschild;null;1993;24;3.75;true;4200;6000;3600
12;Château Lafite Rothschild;null;1993;5;7.5;false;1900;2750;2000
13;Château Lafite Rothschild;null;1993;6;7.5;true;2280;3300;2450
14;Château Lafite Rothschild;null;1994;12;7.5;true;5400;6600;5600
15;Château Latour;null;1988;3;15;true;2400;3000;2000
16;Château Latour;null;1993;6;15;true;3000;3600;3350
17;Château Latour;null;1993;12;7.5;true;3300;3900;3600
18;Château Latour;null;1994;12;7.5;true;3600;4800;3500
19;Château La Mission Haut Brion;null;1988;3;15;true;1050;1350;950
20;Château La Mission Haut Brion;null;1989;3;7.5;true;2100;2700;2050
21;Château La Mission Haut Brion;null;1993;5;7.5;false;500;700;430
22;Château La Mission Haut Brion;null;1993;6;7.5;true;600;840;620
23;Château La Mission Haut Brion;null;1994;12;7.5;true;1320;1560;1400
24;Château Haut Brion;null;1988;3;15;true;1800;2400;1800
25;Château Haut Brion;null;1989;12;7.5;true;13200;15600;14000
26;Château Haut Brion;null;1993;12;7.5;true;3000;3600;3100
27;Château Haut Brion;null;1994;12;7.5;true;3000;4200;3000
28;Château Cheval blanc;null;1993;5;7.5;false;1100;1300;1200
29;Château Cheval blanc;null;1993;6;7.5;true;1320;1560;1430
30;Château Cheval blanc;null;1994;12;7.5;true;3000;4200;3000
31;Château Ausone;null;1993;5;7.5;false;1200;1500;0
32;Château Ausone;null;1993;6;7.5;true;1440;2160;0
33;Château Ausone;null;1994;5;7.5;true;1000;1250;810
34;Château Le Pin;null;1993;6;7.5;true;6000;9000;7000
35;Château Pétrus;null;1988;3;15;true;8400;9600;8000
36;Chablis Le Clos Domaine William Fèvre;null;2005;6;7.5;false;330;420;300
37;Puligny-Montrachet Les Pucelles;Domaine Leflaive;2005;6;7.5;false;900;1200;930
38;Chevalier-Montrachet;Domaine Leflaive;2005;1;7.5;false;400;600;360
39;Chevalier-Montrachet;Domaine Leflaive;2005;1;7.5;false;400;600;360
40;Richebourg;Domaine Romanée Conti;1988;1;7.5;false;1300;1800;1050
41;Richebourg;Domaine Romanée Conti;1988;1;7.5;false;1300;1800;1050
42;Clos de la Roche;Domaine Armand Rousseau;2003;2;7.5;false;500;700;380
43;Ruchottes-Chambertin;Domaine Armand Rousseau;2003;2;7.5;false;600;900;450
44;Chambertin;Domaine Armand Rousseau;1988;1;7.5;false;450;700;820
45;Chambertin;Domaine Armand Rousseau;1988;1;7.5;false;450;700;820
46;Chambertin Clos de Bèze;Domaine Robert Groffi er;1999;2;7.5;false;600;1000;610
47;Gevrey-Chambertin Vieilles Vignes;Domaine Bernard Dugat-Py;2003;2;7.5;false;150;250;120
48;Gevrey-Chambertin Les Evocelles;Domaine Bernard Dugat-Py;2002;2;7.5;false;300;500;260
50;Gevrey-Chambertin;Domaine Bernard Dugat-Py;2002;3;7.5;false;200;300;200
51;Gevrey-Chambertin;Lavaux St. Jacques;1999;2;7.5;false;300;500;260
52;Charmes-Chambertin;Domaine Bernard Dugat-Py;1999;1;7.5;false;350;500;320
53;Charmes-Chambertin;Domaine Bernard Dugat-Py;2002;1;7.5;false;300;450;320
54;Charmes-Chambertin;Domaine Bernard Dugat-Py;2003;2;7.5;false;500;700;480
55;Mazis-Chambertin;Domaine Bernard Dugat-Py;2003;1;7.5;false;220;350;220
56;Mazoyères-Chambertin;Domaine Perrot Minot;1999;2;7.5;false;300;450;240
57;Mazoyères-Chambertin;Domaine Perrot Minot;2002;2;7.5;false;300;450;150
58;Charmes-Chambertin Vieilles Vignes;Domaine Perrot Minot;1999;3;7.5;false;360;540;350
59;Morey St. Denis La Riotte;Domaine Perrot Minot;2002;2;7.5;false;200;350;0
60;Chambolle Musigny La Combe d’ Orveau Domaine Perrot Minot;null;1999;2;7.5;false;200;350;160
61;Chambolle Musigny La Combe d’ Orveau Domaine Perrot Minot;null;2002;2;7.5;false;200;350;160
62;Nuits-St. Georges La Richemone;Domaine Perrot Minot;2002;2;7.5;false;180;250;150
63;Clos des Lambrays;Domaine des Lambrays;2003;6;7.5;false;540;780;700
64;Clos de Vougeot;Château de la Tour;1996;3;7.5;false;240;330;200
65;Clos de Vougeot Vieilles Vignes;Château de la Tour;2002;6;7.5;false;720;960;550
66;Côte Rôtie Les Grandes Places Domaine Jean-Michel Gérin;null;1999;3;7.5;false;360;510;330
68;Côte Rôtie La Turque Domaine E. Guigal;null;1989;1;7.5;false;400;700;500
69;Hermitage rouge;Jean-Louis Chave;1989;1;7.5;false;300;500;300
70;Hermitage rouge;Jean-Louis Chave;1989;1;7.5;false;300;500;320
71;Hermitage rouge;Jean-Louis Chave;1999;3;7.5;false;660;900;520
72;Château Prieuré-Lichine;null;2000;12;7.5;true;600;780;600
73;Château Brane-Cantenac;null;2000;6;7.5;true;360;480;420
74;Château Lascombes;null;2003;6;7.5;false;300;420;300
75;Château Margaux;null;1989;1;7.5;false;270;350;220
76;Château Margaux;null;1990;1;7.5;false;600;900;650
77;Château Margaux;null;2000;6;7.5;true;4200;6000;4000
78;Château Pontet Canet;null;2000;6;7.5;true;480;720;550
79;Château Pichon Baron;null;2000;6;7.5;true;960;1200;920
80;Château Latour;null;1990;1;7.5;false;450;700;500
81;Château Lafite Rothschild;null;2000;6;7.5;true;6000;7200;6600
82;Château Talbot;null;2000;12;7.5;true;720;960;850
83;Château Branaire Du;null;2000;6;7.5;true;420;600;380
84;Château Léoville Barton;null;2000;12;7.5;true;1080;1320;1200
85;Château Léoville Las Cases;null;2000;12;7.5;true;2700;3600;2600
86;Château Fieuzal rouge;null;2000;6;7.5;false;210;300;200
87;Château Pape Clément;null;1999;6;7.5;true;420;600;460
88;Château Pape Clément;null;2000;12;7.5;true;1320;1680;1400
89;Château Haut Bailly;null;2000;6;7.5;false;360;480;400
90;Château Haut Brion;null;2000;6;7.5;true;3000;3600;3200
91;Château Ausone;null;2000;6;7.5;true;5400;6600;4650
92;Château Cheval blanc;null;1990;1;7.5;false;750;900;700
93;Château Trotanoy;null;2000;12;7.5;true;1920;2400;1950
94;Château Sigalas Rabaud;null;2001;6;7.5;true;210;300;200
95;Château Rieussec;null;2001;6;7.5;true;540;720;500
96;Château dYquem;null;1967;1;7.5;false;800;1200;650
97;Château dYquem;null;1982;1;7.5;false;250;400;220
98;Château dYquem;null;1989;1;7.5;false;300;450;320
99;Château dYquem;null;1990;1;7.5;false;350;500;300
100;Solaia;Piero Antinori;2004;1;15;true;330;450;300
101;Sassicaia;Tenuta San Guido;1999;6;7.5;true;990;1200;950
102;Sassicaia;Tenuta San Guido;2000;6;7.5;true;840;960;900
103;Sassicaia;Tenuta San Guido;2007;6;7.5;true;900;1200;900
104;Sassicaia;Tenuta San Guido;1992;1;15;true;250;350;240
105;Sassicaia;Tenuta San Guido;1995;1;15;true;350;450;300
106;Sassicaia;Tenuta San Guido;1999;1;15;true;300;400;280
107;Sassicaia;Tenuta San Guido;2012;1;60;true;1800;2500;1800
108;Tignanello;Antinori;1988;6;7.5;true;540;660;600
109;Tignanello;Antinori;2012;1;60;true;900;1200;750
110;Masseto;Tenuta dell Ornellaia;2006;3;7.5;true;1800;2400;1600
111;Masseto;Tenuta dell Ornellaia;2004;1;15;true;1200;1500;1200
112;Masseto;Tenuta dell Ornellaia;2011;1;30;true;3000;3500;2800
113;Ornellaia;null;1990;3;15;true;900;1200;1080
114;Ornellaia;null;1995;1;15;true;250;350;230
115;Ornellaia;null;1997;1;15;true;450;550;440
116;Ornellaia;null;2008;1;30;true;750;1000;680
117;Ornellaia;null;2009;1;60;true;1650;2000;1300
118;Château Margaux;null;2005;6;7.5;true;3600;4500;3400
119;Château Margaux;null;2007;6;7.5;false;1800;2400;1640
120;Château Armai l hac;null;2000;12;7.5;true;660;840;550
121;Château Lynch Bages;null;1998;24;3.75;true;1080;1320;950
122;Château Lynch Bages;null;1998;12;7.5;true;1080;1320;1100
123;Château Lynch Bages;null;2001;12;7.5;true;1080;1320;1180
124;Château Gruaud Larose;null;1996;12;7.5;true;780;960;780
125;Château Pape Clément rouge;null;2007;12;7.5;true;780;1080;700
126;Château Canon La Gaffelière;null;1999;12;7.5;true;600;840;650
127;Château Canon La Gaffelière;null;2007;12;7.5;true;600;840;700
128;Château Faugères;null;1998;6;7.5;true;150;210;110
129;Château Faugères;null;2000;12;7.5;true;360;480;300
130;Château Faugères;null;2000;6;15;true;360;480;320
131;Château Faugères;null;2004;6;15;true;270;360;240
132;Château Faugères;null;2005;12;7.5;true;420;600;410
133;Château Péby Faugères;null;2005;1;15;true;500;800;580
134;Château Péby Faugères;null;2005;1;15;true;500;800;580
135;Château Péby Faugères;null;2005;1;15;true;500;800;580
136;Château La Mondotte;null;1999;12;7.5;true;1800;2400;1400
137;Château La Mondotte;null;2002;6;7.5;true;750;1050;550
138;Château La Mondotte;null;2007;6;7.5;false;750;1050;600
139;Château Val andraud;null;1998;12;7.5;true;1560;1800;1600
140;Château Val andraud;null;1999;12;7.5;true;1080;1320;980
141;Château L’Hermitage;null;2000;12;7.5;true;480;600;380
142;Château L’Hermitage;null;2005;12;7.5;true;360;480;270
143;Le Plus de La Fleur de Boüard;null;2000;6;7.5;true;2100;3000;2400
144;Château La Fleur du Gay;null;1998;6;7.5;true;540;900;450
145;Château La Fleur Pétrus;null;2006;3;15;false;780;1050;850
146;Château Le Bon Pasteur;null;2000;12;7.5;true;780;960;820
147;Château Climens;null;1999;12;7.5;true;540;720;600
148;Château Suduiraut;null;1997;12;7.5;true;540;720;460
149;Château dYquem;null;1990;24;3.75;true;3900;4800;3400
150;Clos d’Agon;Cellers Mas Gil;2000;3;15;true;210;300;190
151;Clos d’Agon;Cellers Mas Gil;2000;3;15;true;210;300;170
152;Clos d’Agon;Cellers Mas Gil;2000;3;15;true;210;300;170
153;Clos d’Agon;Cellers Mas Gil;2000;3;15;true;210;300;160
154;Clos d’Agon;Cellers Mas Gil;2000;3;30;true;450;700;360
155;Clos d’Agon;Cellers Mas Gil;2004;6;15;true;360;540;300
156;Clos d’Agon;Cellers Mas Gil;2004;3;30;true;420;600;340
157;Clos d’Agon;Cellers Mas Gil;2005;6;15;true;360;540;300
158;Clos d’Agon;Cellers Mas Gil;2005;3;30;true;420;600;300
159;Clos d’Agon;Cellers Mas Gil;2006;6;15;true;360;540;280
160;Clos d’Agon;Cellers Mas Gil;2006;3;30;true;420;600;280
161;Cabernet Sauvignon Hillside Select;Shafer;1997;6;7.5;true;900;1200;1850
162;Cabernet Sauvignon Estate;Dalla Valle;1997;6;7.5;false;600;900;600
163;Cabernet Sauvignon Maya;Dalla Valle;1996;3;7.5;false;900;1500;800
164;Cabernet Sauvignon Bryant Family;null;1994;2;7.5;false;1000;1500;900
165;Cabernet Sauvignon Bryant Family;null;1995;2;7.5;false;1000;1500;880
166;Cabernet Sauvignon Bryant Family;null;1996;2;7.5;false;1000;1500;950
167;Cabernet Sauvignon Bryant Family;null;1997;6;7.5;false;4800;6600;4400
168;Cabernet Sauvignon Herb Lamb;Col gi n;1997;2;7.5;false;1200;1600;1000
169;Harlan Estate;null;1997;6;7.5;true;4800;6600;4800
170;Cabernet Sauvignon Wedding Vineyard;Fisher Vineyards;1997;6;7.5;false;2400;3000;2100
171;Opus One;Mondavi & Rothschild;1981;1;7.5;false;220;400;160
172;Opus One;Mondavi & Rothschild;1984;1;7.5;false;200;350;0
173;Opus One;Mondavi & Rothschild;1988;1;7.5;false;150;250;0
174;Opus One;Mondavi & Rothschild;1990;1;7.5;false;180;250;0
175;Opus One;Mondavi & Rothschild;1991;1;7.5;false;150;250;160
176;Opus One;Mondavi & Rothschild;1994;1;7.5;false;180;250;200
177;Opus One;Mondavi & Rothschild;1997;1;7.5;false;180;250;200
178;Opus One;Mondavi & Rothschild;2000;1;7.5;false;160;220;0
179;Cabernet Sauvignon Matri arch;Bond;2007;6;7.5;true;720;960;720
180;Dominus Proprietary red;null;2004;1;60;true;1200;1800;1300
181;Shiraz The Armagh;Jim Barry;1998;3;15;false;900;1200;850
182;Shiraz The Armagh;Jim Barry;1999;3;15;false;900;1200;850
183;Grenache Les Amis;Torbreck;2005;1;60;true;1000;1800;800
184;Shiraz Georgia’s Paddock;Jasper Hill;2001;12;7.5;true;480;720;500
185;Shiraz Georgia’s Paddock;Jasper Hill;2001;12;7.5;true;480;720;500
186;Shiraz Georgia’s Paddock;Jasper Hill;2001;12;7.5;true;480;720;500
187;Pinot Noir;Gantenbein;2003;1;15;true;250;350;240
188;Pinot Noir;Gantenbein;2005;2;15;true;450;600;420
189;Pinot Noir;Gantenbein;2006;1;30;true;500;800;550
190;Pinot Noir;Gantenbein;2006;1;30;true;500;800;580
191;Pinot Noir;Gantenbein;2008;1;30;true;500;800;550
192;Pinot Noir;Gantenbein;2008;1;30;true;500;800;450
193;Pinot Noir;Gantenbein;2009;1;30;true;500;800;480
194;Pinot Noir;Gantenbein;2009;1;30;true;500;800;500
195;Merlot Vinattieri;Luigi Zannini;2003;1;30;false;300;500;320
196;Merlot Vinattieri;Luigi Zannini;2005;1;30;true;450;600;480
197;Champagne Cri stal rosé;Loui s Roederer;1985;3;15;true;1800;3000;800
198;Champagne Grande Dame rosé;Veuve Clicquot Ponsardi n;1990;1;15;true;550;700;500
199;Champagne Grande Dame rosé;Veuve Clicquot Ponsardi n;1990;1;15;true;550;700;500
200;Champagne Grande Dame rosé;Veuve Clicquot Ponsardi n;1990;1;15;true;550;700;500
201;Champagne Cuvée Fût de Chêne;Henri Giraud;2000;6;7.5;true;720;900;750
202;Champagne Cuvée Fût de Chêne;Henri Giraud;2000;6;7.5;true;720;900;750
203;Riesling Grand Clos St. Hune;Maison Trimbach;2004;3;7.5;false;420;540;390
204;Riesling Grand Clos St. Hune;Maison Trimbach;2004;3;7.5;false;420;540;380
205;Riesling Grand Clos St. Hune;Maison Trimbach;2005;3;7.5;false;420;540;380
206;Riesling Grand Clos St. Hune;Maison Trimbach;2005;3;7.5;false;420;540;360
207;Riesling Grand Clos St. Hune;Maison Trimbach;2006;3;7.5;false;390;480;360
208;Riesling Grand Clos St. Hune;Maison Trimbach;2006;3;7.5;false;390;480;360
209;Riesling Grand Clos St. Hune;Maison Trimbach;2006;3;7.5;false;390;480;360
210;Riesling Grand Clos St. Hune;Maison Trimbach;2006;3;7.5;false;390;480;360
211;Nuits St. Georges blanc Clos de L’ Arlot;null;2002;12;7.5;true;480;660;400
212;Corton Charlemagne;Domaine Bonneau du Martray;2004;6;15;true;1080;1320;910
213;Corton Charlemagne;Domaine Bouchard Père & Fi l s;1991;12;7.5;true;960;1200;800
214;Criots-Batard-Montrachet;Domaine Roger Bell and;2009;6;7.5;true;840;1200;750
215;Criots-Batard-Montrachet;Domaine Roger Bell and;2009;6;7.5;true;840;1200;750
216;Clos de Tart;Mommessin;2005;1;15;false;700;1000;800
217;Musigny Vieilles Vignes;Comte de Vogüe;1978;1;7.5;false;800;1200;750
218;Musigny Vieilles Vignes;Comte de Vogüe;1978;1;7.5;false;800;1200;750
219;Gevrey-Chambertin Clos St. Jacques; Domaine Sylvie Esmonin;1990;1;15;false;900;1200;850
220;Gevrey-Chambertin Clos St. Jacques; Domaine Sylvie Esmonin;1990;1;15;false;900;1200;850
221;Gevrey-Chambertin Clos St. Jacques; Domaine Sylvie Esmonin;2002;1;30;false;900;1200;850
222;Gevrey-Chambertin Clos St. Jacques; Domaine Sylvie Esmonin;2002;1;30;false;900;1200;850
223;Gevrey-Chambertin Clos St. Jacques; Domaine Sylvie Esmonin;2005;1;30;false;1250;2000;1200
224;Gevrey-Chambertin Clos St. Jacques; Domaine Sylvie Esmonin;2005;1;30;false;1250;2000;1200
225;Hermitage la Chapelle;Paul Jaboul et Aîné;1999;6;15;true;900;1200;900
226;Châteauneuf du Pape Hommage a Jaques Perrin;Château Beaucastel;1999;5;7.5;false;1250;1500;1150
227;Châteauneuf du Pape Hommage a Jaques Perrin;Château Beaucastel;1999;6;7.5;false;1500;1800;1400
228;Châteauneuf du Pape La Combe des Fous;Domaine Clos St. Jean;2004;8;7.5;false;600;800;580
229;Châteauneuf du Pape La Combe des Fous;Domaine Clos St. Jean;2006;1;30;true;500;800;750
230;Châteauneuf du Pape Deus ex Machina;Domaine Clos St. Jean 1;2006;1;30;true;600;900;750
231;La Muntada;Domaine Gauby;2004;6;15;true;900;1200;850
232;La Muntada;Domaine Gauby;2005;6;15;true;960;1320;850
233;La Muntada;Domaine Gauby;2005;6;15;true;960;1320;850
234;Château Mouton Rothschild;null;1994;12;3.75;true;1800;2400;1500
235;Château Mouton Rothschild;null;1994;12;3.75;true;1800;2400;1500
236;Château Cheval blanc;null;1994;6;7.5;false;1440;1800;1540
237;Château Le Pin;null;1983;1;15;false;2500;4000;2800
238;Barolo Cascinancia;Giacomo Conterno;2003;12;7.5;true;1080;1320;980
239;Barolo Cascinancia;Giacomo Conterno;2003;12;7.5;true;1080;1320;980
240;Barbaresco Sori San Lorenzo;Angelo Gaja;1999;1;15;false;600;900;520
241;Barbaresco Sori San Lorenzo;Angelo Gaja;1999;1;30;true;1300;1800;1300
242;Barbaresco;Angelo Gaja;1982;6;15;true;1500;1800;1500
243;Barbaresco;Angelo Gaja;1988;6;15;true;1500;1800;1600
244;Chevalier Montrachet;Domaine Leflaive;1986;2;7.5;false;600;800;420
245;Musigny blanc;Comte Vogüe;1987;1;7.5;false;500;800;500
246;Musigny blanc;Comte Vogüe;1987;1;7.5;false;500;800;500
247;Musigny blanc;Comte Vogüe;1987;1;7.5;false;500;800;500
248;Musigny blanc;Comte Vogüe;1987;1;7.5;false;500;800;500
249;Mersault Les Perrières;Domaine Coche-Dury;2011;1;7.5;false;900;1500;750
250;Chambolle Musigny Les Amoureuses;Comte de Vogüe;2005;1;7.5;false;500;700;550
251;Bonnes Mares;Comte de Vogüe;2005;1;7.5;false;450;600;350
252;Musigny Vieilles Vignes;Comte de Vogüe;2005;1;7.5;false;800;1200;600
253;Gevrey-Chambertin Clos St. Jacques;Domaine Armand Rousseau;2009;1;7.5;false;350;500;300
254;Gevrey-Chambertin Clos St. Jacques;Domaine Armand Rousseau;2012;1;7.5;false;300;500;300
255;Chambertin Clos de Bèze;Domaine Armand Rousseau;2008;1;7.5;false;600;900;500
256;Chambertin Clos de Bèze;Domaine Armand Rousseau;2009;1;7.5;false;800;120;750
257;Chambertin Clos de Bèze;Domaine Armand Rousseau;2011;1;7.5;false;650;900;550
258;Chambertin Clos de Bèze;Domaine Armand Rousseau;2011;1;15;false;1500;2000;1500
259;Chambertin;Domaine Armand Rousseau;2009;1;7.5;false;800;1200;850
260;Chambertin;Domaine Armand Rousseau;2011;1;15;false;1500;2000;1600
261;Chambertin;Domaine Armand Rousseau;2012;1;7.5;false;800;1100;800
262;Chambertin;Domaine Armand Rousseau;2013;1;7.5;false;850;1100;800
263;Richebourg;Domaine Romanée Conti;2010;1;7.5;false;1000;1500;900
264;Richebourg;Domaine Romanée Conti;2012;1;7.5;false;1200;1800;1200
265;La Tâche;Domaine Romanée Conti;2009;1;15;false;5500;7000;5500
266;La Tâche;Domaine Romanée Conti;2010;1;7.5;false;1800;2200;1700
267;La Tâche;Domaine Romanée Conti;2012;1;7.5;false;2200;3000;2100
268;Brunello riserva Case Basse;Soldera;2001;1;7.5;false;250;400;300
269;Brunello riserva Case Basse;Soldera;2004;1;7.5;false;250;400;300
270;Brunello riserva Case Basse;Soldera;2006;1;7.5;false;250;400;260
271;Riesling G-Max;Keller;2007;3;7.5;false;700;1000;750
272;Riesling G-Max;Keller;2006;1;7.5;false;400;600;450
273;Riesling Unendlich;F.X. Pichler;1998;1;7.5;false;160;220;280
274;Riesling Unendlich;F.X. Pichler;2009;3;7.5;false;540;750;600
275;Riesling Unendlich;F.X. Pichler;2010;3;7.5;false;540;750;600
276;Riesling Unendlich;F.X. Pichler;2011;3;7.5;false;540;750;600
277;Grüner Veltliner Unendlich;F.X. Pichler;2003;1;7.5;false;200;300;200
279;Taittinger Collection Vasarel y;brut;1978;3;7.5;false;750;1200;720
280;Taittinger Collection Armand;brut;1981;2;7.5;true;400;600;380
281;Taittinger Collection Masson;brut;1982;1;7.5;true;200;300;180
282;Taittinger Collection Masson;brut;1982;3;7.5;true;600;900;560
283;Taittinger Collection Da Silva;brut;1983;3;7.5;true;600;900;560
284;Taittinger Collection Lichtenstein;brut;1985;1;7.5;true;200;300;180
285;Taittinger Collection Hartung;brut;1986;2;7.5;true;400;600;360
286;Taittinger Collection Imai;brut;1988;2;7.5;true;400;600;360
287;Taittinger Collection Matta;brut;1992;1;7.5;true;150;250;130
288;Château Bellevue;null;2005;12;7.5;true;900;1320;880
289;Château Péby Faugères;2005;1;30;false;1200;2000;1300
291;Giusto di Norti;Tua Rita;2008;5;7.5;true;270;360;0
292;Redigaffi;Tua Rita;2004;3;7.5;true;540;660;440
293;Redigaffi;Tua Rita;2005;3;7.5;true;420;600;380
294;Syrah;Tua Rita;2005;3;7.5;true;330;450;0
295;Brunello di Montalcino;Tenuta il Poggione;2010;6;7.5;true;240;330;300
296;Nuits-St. Georges Les Vaucrains;Domaine Henri Gouges;2005;6;7.5;true;540;720;0
297;Nuits-St. Georges Les Saint Georges;Domaine Henri Gouges;2003;3;7.5;true;240;360;0
298;Chambol le Musigny;Comte de Vogüe;2006;6;7.5;true;600;840;460
299;Morey St. Denis blanc;Domaine Dujac;2012;6;7.5;true;210;330;200
300;Morey St. Denis rouge;Domaine Dujac;2012;6;7.5;true;240;360;200
301;Gevrey-Chambertin Clos de Varoilles;Domaine des Varoilles;2005;6;7.5;true;270;360;240
302;L’ enfer de la Patience;Historie d’ Enfer;2011;6;7.5;true;240;360;360
303;Château Saint Pierre;null;2009;5;7.5;true;450;600;500
304;Château Pape Clément rouge;null;2012;6;7.5;true;360;480;380
305;Clos les Lunel les;null;2006;8;7.5;false;160;280;100
306;Les Obriers de la Peira;La Peira en Damaisel a;2007;6;7.5;false;150;480;140
308;Brunello di Montalcino;Tenuta il Poggione;2010;5;7.5;true;150;250;250
309;Saffredi;Fattoria Le Pupille;2012;5;7.5;true;200;300;220
311;Cabernet Sauvignon Estate;Dal l a Val l e;1998;4;7.5;false;240;360;240
312;Syrah Reva;Alban Estate Vineyards;2006;1;7.5;false;250;350;300
313;Syrah Reva;Alban Estate Vineyards;2008;3;7.5;false;300;420;300
314;Syrah Reva;Alban Estate Vineyards;2009;3;7.5;false;330;450;300
316;Château Margaux;null;1998;12;7.5;true;3600;4800;3500
317;Château Pichon Baron;null;1998;6;7.5;true;480;660;470
318;Château Pichon Baron;null;1998;6;7.5;true;480;660;470
319;Les Forts de Latour;null;1998;12;7.5;true;540;720;1100
320;Château Latour;null;1998;6;7.5;true;1800;2400;1900
321;Château Lafite Rothschild;null;1998;6;7.5;true;3000;3600;3300
322;Château Mouton Rothschild;null;1998;6;7.5;true;1920;2400;2020
323;Château Léoville Barton;null;1998;12;7.5;true;600;840;720
324;Château Léoville Las Cases;null;1998;12;7.5;true;1080;1440;1300
325;Château Léoville Las Cases;null;1998;12;7.5;true;1080;1440;1300
326;Château Cos d’ Estournel;null;1998;12;7.5;true;960;1200;1000
327;Château Pape Clément rouge;null;1998;6;7.5;true;540;720;500
328;Château Petit-Village;null;1998;6;7.5;true;720;960;560
329;Château La Conseillante;null;1998;12;7.5;true;1560;1800;1400
330;Château La Conseillante;null;1998;12;7.5;true;1560;1800;1400
331;Château Péby Faugères;null;1998;6;7.5;true;480;600;650
332;Château Péby Faugères;null;1998;6;7.5;true;480;600;650
333;Château Péby Faugères;null;1998;6;7.5;true;480;600;650
334;Château Fi geac;null;1998;12;7.5;true;1440;1800;1650
335;Château Cheval blanc;null;1998;6;7.5;true;2400;3300;2700
336;Château Ausone;null;2008;3;7.5;true;1800;2400;1600
337;Château Ausone;null;2008;6;7.5;true;3600;4800;3200
338;Château Mouton Rothschild;null;1970;120;7.5;true;2000;2750;1850
339;Château Mouton Rothschild;null;1978;12;7.5;true;2400;3000;2100
340;Château Mouton Rothschild;null;1983;12;7.5;true;3240;3900;3200
341;Château La Tour de By;null;1982;1;30;true;150;300;150
342;Château Rauzan-Gassies;null;1970;6;7.5;false;180;300;0
343;Château Rauzan-Gassies;null;1978;12;7.5;true;300;480;0
344;Château Lascombes;null;1970;12;7.5;true;360;540;300
345;Château Boyd-Cantenac;null;1975;12;7.5;true;480;660;1000
346;Château Margaux;null;1970;12;7.5;true;480;660;650
347;Château Margaux;null;1970;8;7.5;false;150;250;700
348;Château Latour;null;1975;6;7.5;true;1620;2100;0
349;Château Carbonni eux;null;1970;12;7.5;true;300;480;0
350;Brunello di Montalcino riserva Biondi Santi;null;1967;1;7.5;false;150;250;180
351;Brunello di Montalcino riserva Biondi Santi;null;1967;1;7.5;false;150;250;0
352;Brunello di Montalcino riserva Biondi Santi;null;1970;1;7.5;false;250;400;0
353;Brunello di Montalcino riserva Biondi Santi;null;1975;3;7.5;false;600;300;0
354;Brunello di Montalcino riserva Biondi Santi;null;1977;3;7.5;false;540;750;0
355;Brunello di Montalcino riserva Biondi Santi;null;1977;1;7.5;false;150;250;0
356;Brunello riserva Case Basse;Sol dera;1983;1;7.5;false;400;700;430
357;Brunello riserva Case Basse;Sol dera;1983;1;7.5;false;400;700;430
358;Musigny Vieilles Vignes;Comte de Vogüe;2010;1;7.5;false;600;900;550
359;Musigny Vieilles Vignes;Comte de Vogüe;2010;1;7.5;false;600;900;550
360;Musigny Vieilles Vignes;Comte de Vogüe;2010;1;7.5;false;600;900;550
361;Chambertin;Domaine Armand Rousseau;2008;1;7.5;false;600;800;620
362;Chambertin;Domaine Armand Rousseau;1986;1;15;false;2500;4000;2500
363;Romanée St. Vivant DRC;null;1996;1;7.5;false;900;1200;950
364;Romanée St. Vivant DRC;null;1996;1;7.5;false;900;1200;950
365;Richebourg;Domaine Romanée Conti;1996;1;7.5;false;1200;1800;1250
366;Richebourg;Domaine Romanée Conti;1996;1;7.5;false;1000;1800;1250
367;La Tâche;Domaine Romanée Conti;1996;1;7.5;false;1800;2500;1550
368;Clos des Lambrays;null;1921;1;7.5;false;400;800;0
369;Clos des Lambrays;null;1921;1;7.5;false;400;800;0
370;Chambertin Camus;null;1978;24;7.5;false;200;300;200
371;Richebourg Domaine Gros F. & S.;null;1992;1;7.5;false;200;300;150
372;Richebourg Domaine Gros F. & S.;null;1992;3;7.5;false;600;900;460
373;Corton-Charl emagne;Bouchard Père & Fils;2001;6;7.5;true;480;660;0
374;Corton-Charl emagne;Bouchard Père & Fils;2002;6;7.5;true;540;720;0
375;Vosne-Romanée Aux Reignots;Bouchard Père & Fils;2002;6;7.5;true;1080;1500;0
376;Volnay Les Caillerets Ancienne Cuvée Carnot;Bouchard Père & Fils;2002;6;7.5;true;270;450;280
377;Chambertin Clos de Bèze Bouchard Père & Fils;null;2002;6;7.5;true;900;1500;0
378;Echezeaux;null;2001;6;7.5;true;420;660;340
379;Beaune Vi gne de lEnfant Jesus;Bouchard Père & Fils;1999;6;7.5;true;480;720;400
380;Clos des Lambrays;null;1999;3;15;false;1200;1650;1200
381;Clos des Lambrays;null;2002;1;15;false;300;400;340
382;Clos de Tart;null;2001;1;15;true;500;700;700
383;Charmes-Chambertin;Maison Joseph Drouhi n;1999;3;15;true;540;750;450
384;Charmes-Chambertin;null;2002;6;7.5;false;480;660;500
385;Chambertin Clos de Bèze;Domaine Robert Groffi er;1999;3;7.5;false;900;1350;910
386;Charmes-Chambertin;Maison Joseph Drouhi n;1999;3;15;true;540;750;450
387;Beaune Clos des Mouches rouge;Maison Joseph Drouhi n;1999;3;15;false;300;450;310
388;Gevrey-Chambertin Clos St. Jacques;Domaine Sylvie Esmoni n;2002;6;7.5;false;840;1200;0
389;Gevrey-Chambertin En Champs Vieilles Vignes;Denis Mortet;1999;6;7.5;false;300;480;360
390;Gevrey-Chambertin Lavaux St. Jacques;Denis Mortet;2003;3;7.5;false;420;600;360
391;Chambolle Musigny La Combe d’ Orveau;Domaine Perrot Minot;2001;3;7.5;false;240;360;0
392;Chambolle Musigny La Combe d’ Orveau;Domaine Perrot Minot;2002;3;7.5;false;270;390;0
393;Gevrey Chambertin Les Cazeti ers;Domaine Perrot Minot;2002;1;7.5;false;80;120;70
394;Charmes-Chambertin;Domaine Perrot Minot;2001;1;7.5;false;90;150;120
395;Charmes-Chambertin Vieilles Vignes;Domaine Perrot Minot;2002;3;7.5;false;540;750;600
396;Chambertin Vieilles Vignes;Domaine Perrot Minot;2002;2;7.5;false;500;700;550
397;Vosne-Romanée La Rivière;Domaine Perrot Minot;2002;3;7.5;false;180;270;140
398;Clos de Vougeot;Domaine Perrot Minot;2002;3;7.5;false;450;750;0
399;Morey St. Denis La Riotte;Domaine Perrot Minot;2002;3;7.5;false;240;360;220
400;Nuits-St. Georges La Richemone;Domaine Perrot Minot;2001;3;7.5;false;180;300;180
401;Nuits-St. Georges La Richemone;Domaine Perrot Minot;2002;3;7.5;false;210;300;170
402;Nuits-St. Georges La Richemone;Domaine Perrot Minot;2001;3;15;false;390;540;320
403;Gevrey-Chambertin Aux Combottes;Domaine Duj ac;1999;2;7.5;false;300;360;270
404;Charmes-Chambertin;Domaine Dujac;2003;3;7.5;false;540;750;450
405;Echezeaux;Domaine Dujac;2003;3;7.5;true;600;900;0
406;Clos de la Roche;Domaine Dujac;2003;3;7.5;false;900;1200;0
407;Clos de Vougeot;Domaine Méo-Camuzet;1999;7;7.5;false;1540;2100;1200
408;Clos de Vougeot;Domaine Méo-Camuzet;2000;3;7.5;false;600;900;0
409;Clos de Vougeot;Domaine Méo-Camuzet;2002;5;7.5;false;1000;1500;1100
410;Corton Clos Rognet;Domaine Méo-Camuzet;1999;2;7.5;false;450;600;380
412;Gevrey-Chambertin Vieilles Vignes;Domaine Bernard Dugat-Py;2002;3;7.5;false;180;270;150
413;Gevrey-Chambertin Vieilles Vignes;Domaine Bernard Dugat-Py;2003;2;7.5;false;120;180;120
414;Gevrey-Chambertin Coeur de Roy Vieilles Vignes;Domaine Bernard Dugat-Py;2002;3;7.5;false;300;540;240
415;Gevrey-Chambertin Coeur de Roy Vieilles Vignes;Domaine Bernard Dugat-Py;2003;2;7.5;false;150;200;160
416;Gevrey-Chambertin Coeur de Roy Vieilles Vignes;Domaine Bernard Dugat-Py;2004;2;7.5;false;120;160;100
417;Gevrey-Chambertin Petite Chapelle;Domaine Bernard Dugat-Py;2002;3;7.5;false;330;450;280
418;Gevrey-Chambertin;Domaine Bernard Dugat-Py;2002;3;7.5;false;210;300;180
419;Gevrey-Chambertin;Domaine Bernard Dugat-Py;2004;3;7.5;false;240;360;200
420;Gevrey-Chambertin Lavaux St. Jacques Domaine Bernard Dugat-Py;null;2003;2;7.5;false;300;440;0
421;Gevrey-Chambertin Les Evocel;Domaine Bernard Dugat-Py;2002;3;7.5;false;360;450;0
422;Gevrey-Chambertin Les Evocel;Domaine Bernard Dugat-Py;2004;2;7.5;false;200;300;0
423;Charmes-Chambertin Domaine Bernard Dugat-Py;null;2002;3;7.5;false;900;1500;950
424;Charmes-Chambertin Domaine Bernard Dugat-Py;null;2003;3;7.5;false;600;900;0
425;Vosne-Romanée;Domaine Bernard Dugat-Py;2002;3;7.5;false;180;270;200
426;Vosne-Romanée Vielles Vignes;Domaine Bernard Dugat-Py;2003;2;7.5;false;120;180;100
427;Pommard La Levrière;Domaine Bernard Dugat-Py;2003;3;7.5;false;210;300;0
428;Gevrey-Chambertin Lavaux St. Jacques Domaine Armand Rousseau;null;2001;3;7.5;false;540;750;0
429;Gevrey-Chambertin Lavaux St. Jacques Domaine Armand Rousseau;null;2002;1;7.5;false;270;350;0
430;Gevrey-Chambertin Clos St. Jacques Domaine Armand Rousseau;null;2002;1;7.5;false;400;800;400
431;Ruchottes-Chambertin;Domaine Armand Rousseau;2003;1;7.5;false;250;350;0
432;Clos de la Roche;Domaine Armand Rousseau;2002;1;7.5;false;300;400;0
433;Clos de la Roche;Domaine Armand Rousseau;2003;2;7.5;false;400;600;0
434;Clos de la Roche;Domaine Armand Rousseau;2004;1;7.5;false;150;220;0
435;Charmes-Chambertin;Domaine Armand Rousseau;2002;1;7.5;false;250;400;200
436;Charmes-Chambertin;Domaine Armand Rousseau;2003;3;7.5;false;600;900;0
437;Chambertin Clos de Bèze Domaine Armand Rousseau;null;2001;1;7.5;false;600;800;700
438;Chambertin Clos de Bèze Domaine Armand Rousseau;null;2001;1;7.5;false;600;800;700
439;Chambertin Clos de Bèze Domaine Armand Rousseau;null;2002;1;7.5;false;800;1200;850
440;Chambertin Clos de Bèze Domaine Armand Rousseau;null;2004;1;7.5;false;500;700;0
441;Chambertin;Domaine Armand Rousseau;2001;1;7.5;false;750;1000;720
442;Chambertin;Domaine Armand Rousseau;2002;1;7.5;false;900;1200;910
443;Chambolle Musigny Les Cras;Domaine Georges Roumier;2002;1;7.5;false;250;270;190
444;Clos de Vougeot;Domaine Leroy;2001;1;7.5;false;750;1000;700
445;Corton;Domaine Leroy;1999;3;7.5;false;2400;3600;0
446;Corton;Domaine Leroy;2001;2;7.5;false;1000;1600;0
447;Corton-Renardes;Domaine Leroy;2001;1;7.5;false;450;700;460
448;Richebourg;Domaine Leroy;2001;1;7.5;false;1400;1800;1100
449;Romanée St. Vivant;Domaine Leroy;2001;1;7.5;false;1200;1500;1000
450;Echezeaux;Emmanuel Rouget;2000;1;15;false;650;1000;700
451;Côte Rôtie;Domaine E. Gui gal;1999;6;7.5;true;270;420;200
452;Châteauneuf du Pape;Château de Beaucastel;2001;12;7.5;true;720;960;650
453;Domaine de Chevalier blanc;null;2000;6;7.5;true;300;360;220
454;Château Beychevel l e;null;1999;6;7.5;true;330;450;340
455;Château Léoville Barton;null;2001;12;7.5;true;600;840;650
456;Château Cos d’ Estournel;null;2001;12;7.5;true;960;1320;1000
457;Château Cheval blanc;null;2001;6;7.5;true;1620;2100;1800
458;Château Coutet;null;2001;6;7.5;true;240;360;260
459;Château Sigalas Rabaud;null;2001;12;7.5;true;420;600;400
460;Château Lafaurie-Peyraguey;null;2001;12;7.5;true;600;840;650
461;Château Doisy Vèdrines;null;2001;6;7.5;true;240;360;210
462;Château Rieussec;null;2001;6;7.5;true;480;720;550
463;Château Suduiraut;null;2001;6;7.5;true;420;660;340
464;Dominus;null;1999;6;7.5;true;540;720;560
465;Dominus;null;1999;2;15;false;400;600;400
466;Dominus;null;2001;2;15;false;540;800;680
467;Dominus;null;2004;6;7.5;true;780;1200;750
468;Dominus;null;2006;6;7.5;true;780;1200;700
469;Dominus;null;2006;1;15;false;270;400;260
470;Dominus;null;2007;6;7.5;true;840;1200;1000
471;Dominus;null;2007;1;15;false;300;400;380
472;Dominus;null;2008;6;7.5;true;1080;1500;950
473;Dominus;null;2009;6;7.5;true;840;1200;1000
474;Dominus;null;2009;3;15;false;900;1200;850
475;Cabernet Sauvignon Marthas Vineyard;Heitz Cellars;2005;3;7.5;false;540;750;480
476;Cabernet Sauvignon Marthas Vineyard;Heitz Cellars;2006;3;7.5;false;540;750;480
477;Cabernet Sauvignon Marthas Vineyard;Heitz Cellars;1988;1;15;false;350;500;400
478;Cabernet Sauvignon Marthas Vineyard;Heitz Cellars;1989;1;15;false;350;500;360
479;Cabernet Sauvignon Marthas Vineyard;Heitz Cellars;1990;1;15;false;400;600;400
480;Cabernet Sauvignon Marthas Vineyard;Heitz Cellars;2006;1;15;false;400;600;400
481;Opus One;Mondavi & Rothschild;2006;6;7.5;true;1200;1620;1200
482;Opus One;Mondavi & Rothschild;2007;6;7.5;true;1320;1800;1500
483;Opus One;Mondavi & Rothschild;2008;6;7.5;true;1200;1620;1300
484;Opus One;Mondavi & Rothschild;2009;6;7.5;true;1200;1620;1210
485;Tignanello;Antinori;2011;2;15;true;300;500;300
486;Cepparello;Isole e Olena;2009;3;15;true;270;360;320
487;Flaccianello;Fontodi;2011;1;60;true;550;700;520
488;Camalaione;Le Cinciole;2009;1;60;true;250;400;220
489;A Quo;Montepeloso;2012;1;180;true;400;600;380						
490;Eneo;Montepeloso;2007;1;30;true;150;250;150
491;Eneo;Montepeloso;2011;1;90;true;350;500;420
492;Il Pino di Biserno;Tenuta di Biserno;2007;1;30;true;180;250;240
493;Lodovico;Tenuta di Biserno;2008;1;15;true;400;600;380
494;Lodovico;Tenuta di Biserno;2008;1;15;true;400;600;380
495;Lodovico;Tenuta di Biserno;2008;1;15;true;400;600;380
496;Matarocchio;Tenuta Guado al Tasso;2011;6;7.5;true;1320;1560;1100
497;Matarocchio;Tenuta Guado al Tasso;2011;6;7.5;true;1320;1560;1100
498;Solaia;Piero Antinori;2009;3;15;true;1050;1500;950
499;Sassicaia;Tenuta San Guido;2011;3;15;true;720;960;660
500;Le Serre Nuove;Tenuta dell Ornellaia;2012;1;30;true;150;250;150
501;Ornellaia;2011;1;30;true;750;1000;700
502;Ornellaia;null;2012;1;30;true;750;1000;700
503;Château Brane-Cantenac;null;2002;12;7.5;true;360;540;400
505;Château Mouton Rothschild;null;2002;6;7.5;true;1800;2400;1900
506;Château Lagrange;null;2002;12;7.5;true;300;420;320
508;Château du Cauze;null;2000;12;7.5;true;240;330;110
509;Amarone del la Valpolicella Classico;Bussola;2006;6;7.5;true;180;300;160
511;Ornellaia;1999;1;30;true;600;900;500
512;Sassicaia;Tenuta San Guido;2000;6;7.5;true;900;1200;900
513;Redoma Tinto;Niepoort;2001;6;7.5;true;150;270;110
514;Smith Woodhouse Vintage Port;null;2000;12;3.75;true;300;420;260
515;Gould Campbell Vintage Port;null;1977;12;7.5;true;480;720;600
516;Gould Campbell Vintage Port;null;1994;12;7.5;true;360;540;500
517;Tayloss Fladgate Vintage Port;null;2007;6;7.5;true;360;480;300
518;Tayloss Fladgate Vintage Port;null;2007;6;7.5;true;360;480;300
519;Tayloss Fladgate Vintage Port;null;2007;6;7.5;true;360;480;300
520;Tayloss Fladgate Vintage Port;null;2007;6;7.5;true;360;480;300
521;Tayloss Fladgate Vintage Port;null;2007;6;7.5;true;360;480;280
522;Tayloss Fladgate Vintage Port;null;2007;6;7.5;true;360;480;280
523;Tayloss Fladgate Vintage Port;null;2007;6;7.5;true;360;480;280
524;Tayloss Fladgate Vintage Port;null;2007;6;7.5;true;360;480;280
525;Tayloss Fladgate Vintage Port;null;2007;6;7.5;true;360;480;280
526;Tayloss Fladgate Vintage Port;null;2007;6;7.5;true;360;480;300
527;Château Climens;null;1990;12;7.5;true;960;1200;900
528;Château Rieussec;null;1982;12;7.5;true;720;960;0
529;Château Rieussec;null;1982;12;7.5;true;720;960;0
530;Château Rieussec;null;1986;12;3.75;true;360;480;300
531;Château Rieussec;null;1991;12;7.5;true;600;840;0
532;Château Suduiraut;null;1990;12;7.5;true;540;720;480
533;Château Suduiraut;null;2005;12;3.75;true;300;420;0
534;Château Suduiraut;null;2005;12;3.75;true;300;420;0
535;Château Suduiraut;null;2007;12;3.75;true;390;480;0
536;Château Suduiraut;null;2007;12;3.75;true;390;480;0
537;Château Suduiraut;null;2007;6;7.5;true;360;480;360
538;Château Suduiraut;null;2007;6;7.5;true;360;480;360
539;Château dYquem;null;2005;12;3.75;true;2160;2640;2000
540;Château dYquem;null;2007;4;3.75;true;720;880;0
541;Château dYquem;null;2007;12;3.75;true;2160;2640;0
542;Château dYquem;null;2007;1;15;false;800;1200;700
543;Château dYquem;null;2006;12;3.75;true;1800;2400;0
544;Château Dassaul t;null;1982;2;7.5;false;80;150;0
545;Château Ausone;null;1980;6;7.5;false;900;1500;0
546;Châteauneuf du Pape La Combe des Fous;null;2012;3;7.5;true;210;300;250
547;Châteauneuf du Pape Charles Giraud Domaine St. Prefert;null;2010;3;7.5;false;540;720;650
548;Barbaresco riserva Asili;Bruno Giacosa;2000;1;15;false;700;900;580
549;Brunello di Montalcino;Tenuta il Poggione;2010;6;7.5;true;240;330;190
550;Brunello di Montalcino;Tenuta il Poggione;2010;6;7.5;true;240;330;200
551;Brunello di Montalcino;Tenuta il Poggione;2010;6;7.5;true;240;330;190
552;Brunello di Montalcino;Tenuta il Poggione;2010;6;7.5;true;240;330;180
553;Pinot Noir Ma Danseuse;Peter Michael;2012;1;7.5;false;250;350;330
554;Pinot Noir Ma Danseuse;Peter Michael;2012;1;7.5;false;250;350;330
555;Shiraz White Hawk;Lillian;2010;1;15;false;120;200;110
556;Syrah Run Rig;Torbreck;1;2010;30;true;1000;1500;1200
557;Cabernet-Shiraz Bin 389;Penfolds;2009;7;7.5;false;210;280;180
558;Cabernet-Shiraz Bin 389;Penfolds;2010;10;7.5;false;300;4000;280
559;Cabernet-Shiraz Bin 389;Penfolds;2010;12;7.5;false;360;480;340
560;Shiraz RWT;Penfolds;2010;6;7.5;true;600;840;0
561;Shiraz RWT;Penfolds;2010;6;7.5;true;600;840;0
562;Shiraz RWT;Penfolds;2010;6;7.5;true;600;840;0
563;Shiraz RWT;Penfolds;2010;6;7.5;true;600;840;0
564;Bin 707;Penfolds;1997;5;7.5;false;750;1000;0
565;Bin 707;Penfolds;1999;7;7.5;false;1050;1400;0
566;Grange;Penfolds;1989;1;7.5;false;250;350;280
567;Grange;Penfolds;1994;1;7.5;false;220;300;240
569;Château Mouton Rothschild;null;1995;4;7.5;false;1200;1500;1350
570;Château Angélus;null;1994;3;7.5;false;1200;1500;520
572;Serra Monte;Terre di Balbi a;2006;6;7.5;true;1200;1500;190
573;Alabaster;Teso la Monja;2008;4;7.5;true;400;600;320
574;Terreus;Bodegas Mauro;2005;3;7.5;true;210;300;220
576;Valpolicella Classico;Giuseppe Quintarelli;2007;6;7.5;true;300;420;270
577;Valpolicella Classico;Giuseppe Quintarelli;2007;6;7.5;true;300;420;270
578;Amarone Classi co;Giuseppe Quintarelli;2006;6;7.5;true;1080;1500;950
579;Valpolicella Monte Lodoletta;Romano Dal Forno;2008;6;7.5;true;330;450;280
580;Valpolicella Monte Lodoletta;Romano Dal Forno;2008;6;7.5;true;330;450;280
581;Amarone Monte Lodoletta;Romano Dal Forno;2008;6;7.5;true;1200;1620;1200
582;Barolo Cascinancia;Giacomo Conterno;2009;6;7.5;true;600;900;640
583;Barolo Lazzarito;Azienda Vietti;2011;3;7.5;true;720;960;280
584;Barolo Brunate;Azienda Vietti;2011;3;7.5;true;720;960;300
585;Barolo Rocche;Azienda Vietti;2011;3;7.5;true;720;960;300
586;Barolo Ravera;Azienda Vietti;2011;3;7.5;true;720;960;300
587;Montevetrano;Silvia Imparato;2011;6;7.5;true;300;420;280
588;Rosso del Sebino;Maurizio Zanella;2007;6;7.5;true;240;360;250
589;Rosso del Sebino;Maurizio Zanella;2007;6;7.5;true;240;360;250
590;Rosso del Sebino;Maurizio Zanella;2008;6;7.5;true;240;360;260
591;Rosso del Sebino;Maurizio Zanella;2008;6;7.5;true;240;360;250
592;Petra;Azienda Petra;2010;3;15;true;240;360;180
593;Petra;Azienda Petra;2010;3;15;true;240;360;180
594;Duca Enri co;Duca di Sal aparuta;2007;6;7.5;true;300;420;300
595;Las Flors de la Peira;null;2005;12;7.5;true;480;720;0
596;Las Flors de la Peira;null;2006;12;7.5;true;480;720;0
597;Hugo;Calvet-Thunevin;2005;12;7.5;true;480;720;330
598;Hugo;Calvet-Thunevin;2005;12;7.5;true;480;720;330
599;Hugo;Calvet-Thunevin;2005;12;7.5;true;480;720;330
600;Les Trois Maries;Calvet-Thunevin;2005;6;7.5;true;600;1560;0
604;Château Latour;null;1985;1;7.5;false;350;500;300
605;Château Latour;null;1985;1;7.5;false;350;500;300
606;Château Latour;null;1985;6;7.5;false;2100;3000;1800
607;Château Latour;null;1995;6;7.5;true;2400;3000;2400
608;Château Haut Brion;null;1998;6;7.5;true;1980;2400;1850
609;Château Mouton Rothschild;null;1995;6;7.5;true;2100;2700;2200
610;Château Mouton Rothschild;null;1973;1;7.5;false;200;300;220
611;Château Mouton Rothschild;null;1990;1;7.5;false;250;350;300
612;Château Mouton Rothschild;null;1992;1;7.5;false;220;300;250
613;Château Mouton Rothschild;null;1993;1;7.5;false;220;300;280
614;Château Mouton Rothschild;null;1994;1;7.5;false;250;330;280
615;Château Mouton Rothschild;null;1996;1;7.5;false;330;400;370
616;Château Mouton Rothschild;null;1999;1;7.5;false;270;350;305
617;Château Mouton Rothschild;null;2000;1;7.5;false;1000;1300;1250
618;Château Mouton Rothschild;null;2000;1;7.5;false;1000;1300;1250
619;Château Mouton Rothschild;null;2001;1;7.5;false;250;350;295
620;Château Mouton Rothschild;null;2002;1;7.5;false;250;350;295
621;Château Mouton Rothschild;null;2002;1;7.5;false;250;350;295
622;Château Mouton Rothschild;null;2003;1;7.5;false;270;350;320
623;Château Pétrus;null;1997;1;7.5;false;1200;1500;1200
624;Les Forts de Latour;null;1990;1;7.5;false;90;150;70
625;Château Latour;null;1966;1;7.5;false;400;500;0
626;Aalto PS;null;2004;1;15;true;220;350;210
627;Aalto PS;null;2004;1;15;true;220;350;210
628;Aalto PS;null;2004;1;15;true;220;350;210
629;Cabernet Sauvignon Special Selection;Caymus Vineyards;1998;1;7.5;false;120;180;0
630;Château Mouton Rothschild;null;1973;2;7.5;false;400;550;450
631;Château Latour;null;1965;1;7.5;false;270;350;200
632;Vieux Château Certan;null;1976;8;7.5;false;640;880;0
633;Château dYquem;null;1975;1;7.5;false;500;700;0
634;Vega Sicilia Unico;null;1969;3;7.5;false;750;1050;750
635;Chianti Classico riserva Vigna del Sorbo;Fontodi;2010;1;15;true;150;250;150
636;Brunello di Montalcino;Piandelle Querci;2011;3;15;true;150;250;140
637;I Sodi di San Niccolò;Castellare;1997;1;30;true;270;350;240
638;Giusto di Notri;Tua Rita;2010;1;30;true;220;300;180
639;Redigaffi;Tua Rita;2010;1;30;true;600;800;600
640;Gabbro;Montepeloso;2008;6;7.5;true;540;720;580
641;Gabbro;Montepeloso;2008;1;30;true;400;600;340
642;Gabbro;Montepeloso;2009;1;7.5;true;900;1200;800
643;Insoglio del Cinghiale;Tenuta di Biserno;2012;1;120;true;400;600;350
644;Cont’ Ugo;Tenuta Guado al Tasso;2011;3;15;true;300;450;240
645;Scrio;Azienda Le Macchiole;2009;1;15;true;250;350;180
646;Vigna d’Alceo;Castello dei Rampolla;2010;6;7.5;true;750;900;660
647;Vigna d’Alceo;Castello dei Rampolla;2010;6;7.5;true;750;900;660
648;Quercegobbe;Petra;2011;3;15;true;180;300;160
649;Riesling Smaragd Achleiten;Rudi Pichl er;2007;6;7.5;false;300;420;300
650;Riesling Smaragd Achleiten;Rudi Pichl er;2011;12;7.5;false;600;840;550
651;Riesling Smaragd Hochrain;Rudi Pichl er;2011;12;7.5;false;420;540;400
652;Riesling Smaragd Loibenberg;Alzinger;2011;12;7.5;false;360;480;340
653;Riesling Smaragd Loibenberg;Alzinger;2011;12;7.5;false;360;480;340
654;Riesling Smaragd Hochrain;Hirzberger;2011;6;7.5;false;240;360;240
655;Riesling Smaragd Singerriedel;Hirzberger;2007;6;7.5;false;330;420;380
656;Grüner Veltliner Smaragd Rotes Tor;Hirzberger;2007;6;7.5;false;240;330;210
657;Grüner Veltliner Smaragd Rotes Tor;Hirzberger;2008;6;7.5;false;210;300;250
658;Grüner Veltliner Smaragd Rotes Tor;Hirzberger;2008;6;7.5;false;210;300;250
659;Grüner Veltliner Smaragd Axpoint;null;2008;6;7.5;false;210;300;210
660;Grüner Veltliner Smaragd;null;2006;6;7.5;false;300;360;280
661;Rossj Bass;Angelo Gaja;2008;12;7.5;false;600;840;0
663;Castello Luigi bianco;Luigi Zannini;2010;6;7.5;false;330;450;280
664;Castello Luigi bianco;Luigi Zannini;2011;6;7.5;false;330;450;280
665;Castello Luigi bianco;Luigi Zannini;2011;5;7.5;false;275;375;220
666;Castello Luigi rosso;Luigi Zannini;2010;6;7.5;true;420;600;450
667;Castello Luigi rosso;Luigi Zannini;2010;6;7.5;true;420;600;450
668;Castello Luigi rosso;Luigi Zannini;2011;6;7.5;true;420;600;450
669;Castello Luigi rosso;Luigi Zannini;2011;6;7.5;true;420;600;480
670;Vinattieri Merlot;Luigi Zannini;2006;7;7.5;false;420;560;420
671;Vinattieri Merlot;Luigi Zannini;2007;7;7.5;false;420;560;500
672;Vinattieri Merlot;Luigi Zannini;2009;5;7.5;false;300;400;340
673;Vinattieri Merlot;Luigi Zannini;2009;6;7.5;false;360;480;450
674;Mersault Genevrières;Domaine Antoine Jobard;2011;6;7.5;false;360;540;300
675;Mersault Genevrières;Domaine Antoine Jobard;2011;6;7.5;false;360;540;300
676;Mersault Genevrières;Domaine Antoine Jobard;2012;6;7.5;false;360;540;360
677;Mersault Genevrières;Domaine Antoine Jobard;2012;6;7.5;false;360;540;360
678;Mersault Poruzots-Dessus;Domaine Antoine Jobard;2012;10;7.5;false;450;600;380
679;Puligny-Montrachet Les Pucelles;Domaine Leflaive;2011;6;7.5;false;840;1080;820
680;Puligny-Montrachet Les Pucelles;Domaine Leflaive;2011;6;7.5;false;840;1080;800
681;Puligny-Montrachet Clavoillon;Domaine Leflaive;2011;1;7.5;false;75;100;65
682;Gevrey-Chambertin Les Cazetières;Olivier Bernstein;2012;6;7.5;true;720;960;0
683;Gevrey-Chambertin Les Cazetières;Olivier Bernstein;2012;6;7.5;true;720;960;0
684;Charmes-Chambertin;Olivier Bernstein;2012;6;7.5;true;1320;1620;0
685;Bonnes Mares;Olivier Bernstein;2012;6;7.5;true;1500;1800;0
686;Bonnes Mares;Olivier Bernstein;2012;6;7.5;true;1500;1800;1300
687;Châteauneuf du Pape;Domaine du Grand Tinel;2010;12;7.5;false;300;480;0
688;Châteauneuf du Pape Pure;Domaine la Barroche;2011;12;7.5;true;720;960;0
689;Châteauneuf du Pape Cuvée Laurence;Domaine Pegau;2009;4;7.5;false;280;400;300
690;Châteauneuf du Pape Cuvée Laurence;Domaine Pegau;2009;12;7.5;false;840;1200;850
691;Château Poujeaux;null;1999;9;7.5;false;180;270;0
692;Château Poujeaux;null;2009;12;7.5;false;300;420;300
693;Château Pontet Canet;null;2003;12;7.5;false;840;1080;900
694;Château Phel an Ségur;null;2006;8;7.5;false;240;320;200
695;Château Lilian Ladouys;null;2009;12;7.5;false;240;360;180
696;Château Branaire Du;null;2003;12;7.5;false;600;780;500
697;Château Gruaud Larose;null;2006;6;7.5;false;240;300;240
698;Château de Chantegrive;null;2000;9;7.5;false;180;270;180
699;Château Smith Haut Lafitte rouge;null;2006;11;7.5;false;660;880;600
700;Château Smith Haut Lafitte rouge;null;2006;12;7.5;false;720;960;660
701;Château Péby Faugères;null;2000;12;7.5;false;1440;1800;1400
702;Château Péby Faugères;null;2001;12;7.5;false;960;1200;940
703;Château Péby Faugères;null;2001;6;7.5;false;480;600;420
704;Château Péby Faugères;null;2008;12;7.5;false;600;840;650
705;Château Péby Faugères;null;2009;6;7.5;false;720;960;760
706;Château Troplong Mondot;null;2008;12;7.5;false;720;960;580
707;Château Pavie Decesse;null;2004;12;7.5;false;960;1200;900
708;Galatrona;Tenuta Petrolo;2007;5;7.5;false;350;500;350
709;Galatrona;Tenuta Petrolo;2007;6;7.5;false;420;600;420
710;Le Serre Nuove;Tenuta dell Ornellaia;2007;132;7.5;false;440;660;400
711;Le Serre Nuove;Tenuta dell Ornellaia;2008;12;7.5;false;420;660;400
712;Le Serre Nuove;Tenuta dell Ornellaia;2008;12;7.5;false;420;660;400
713;Ornellaia;null;2003;6;7.5;false;720;960;680
714;Bolgheri rosso;null;2008;12;7.5;false;180;240;150
715;Messorio;Azienda Le Macchiole;2008;5;7.5;false;550;700;550
716;Messorio;Azienda Le Macchiole;2008;6;7.5;false;660;840;700
717;Opus One;Mondavi & Rothschild;2007;6;7.5;false;1200;1800;1400
718;Opus One;Mondavi & Rothschild;2007;6;7.5;false;1200;1800;1400
719;Opus One;Mondavi & Rothschild;2007;6;7.5;false;1200;1800;1400
720;Château Camensac;null;1998;12;7.5;true;300;420;0
721;Château La Tour Carnet;null;1998;12;7.5;true;240;360;0
722;Château Belgrave;null;1996;12;7.5;true;240;360;200
723;Château Belgrave;null;1997;12;7.5;true;180;240;0
724;Château Belgrave;null;1999;12;7.5;true;180;240;0
725;Château Maucaillou;null;1997;12;7.5;true;240;360;190
726;Château Malescasse;null;1998;12;7.5;true;240;360;0
727;Château Charmai l;null;1999;120;7.5;true;150;250;0
728;Château Chasse Spleen;null;1993;12;7.5;true;240;360;0
729;Château Chasse Spleen;null;1997;6;7.5;true;120;180;0
730;Château Giscours;null;1999;12;7.5;true;360;480;400
731;Château d’Angludet;null;1995;12;7.5;true;240;360;0
732;Château Monbrison;bourgeois;1997;12;7.5;true;270;360;0
733;Château Haut Breton Larigaudière;null;1997;12;7.5;true;90;150;0
734;Château Gloria;null;1996;12;7.5;true;360;480;320
735;Château Gloria;null;1998;12;7.5;true;300;420;260
736;Château Léoville Poyferré;null;2001;12;7.5;true;480;600;650
737;Château Beychevelle;null;2001;12;7.5;true;600;840;650
738;Château Malartic-Lagravière;null;1997;72;7.5;true;150;210;0
739;Château Les Carmes Haut-Brion;null;1999;6;7.5;true;210;300;0
740;Château Larrivet Haut-Brion;null;1996;12;7.5;true;180;300;180
741;Château Lagarde;null;1999;12;7.5;true;90;150;0
742;Château du Cauze;null;1998;12;7.5;true;90;150;0
743;Chambertin;Camus;1979;2;7.5;false;150;250;0
744;Château La Lagune;null;1996;12;7.5;true;420;600;400
745;Château Monbrison;null;2005;12;7.5;true;300;420;300
746;Château Labegorce;null;1994;12;7.5;true;240;360;0
747;Château Grand Puy Ducasse;null;1975;12;7.5;true;240;360;0
748;Château Lynch Moussas;null;1970;12;7.5;true;360;480;200
749;Château Léoville Barton;null;2000;6;7.5;true;480;600;620
750;Château Corbin;null;1998;12;7.5;true;240;360;0
751;Château La Dominique;null;1996;12;7.5;true;360;480;0
752;Château Faugères;null;2005;12;7.5;true;420;600;340
753;Château Clos lEglise;null;2006;12;7.5;true;150;210;120
754;Château Clos lEglise;null;2006;12;7.5;true;150;210;120
755;La Porte du Ciel;null;2001;6;7.5;true;300;480;380
756;Tignanello;Antinori;1995;6;7.5;true;420;600;500
757;Trinoro;Tenuta di Trinoro;1997;6;7.5;true;900;1200;750
758;Tenuta Casabianca;Fattoria Casabianca;1998;12;7.5;true;300;480;120
759;Viña El Pi son;Bodegas Artadi;2000;6;7.5;true;540;720;440
760;Château Rol Valentin;null;1998;120;7.5;true;500;700;480
761;Château Monbousquet;null;1995;8;7.5;true;400;640;300
762;Château Troplong Mondot;null;2001;12;7.5;true;720;960;600
763;La Gomerie;null;2005;12;7.5;true;1200;1800;0
764;Château La Serre;null;2006;6;7.5;true;210;330;0
765;Château Bellevue-Mondotte;null;2006;12;7.5;true;2100;3000;1700
766;Château Bellevue-Mondotte;null;2007;12;7.5;true;1800;2700;1400
767;Château de Chambrun;null;2007;12;7.5;true;240;360;160
768;Château de Chambrun;null;2007;12;7.5;true;240;360;160
769;Château Sigal as Rabaud;null;2007;12;7.5;true;480;720;400
770;Château Cos d’ Estournel;null;2009;6;7.5;true;1100;1800;1300
771;Clos du Jaugueyron;null;2005;12;7.5;true;600;840;440
772;Château Haut Bailly;null;2005;6;7.5;true;420;600;460
773;Château Haut Bailly;null;2009;12;7.5;true;1560;2100;1600
774;Château Haut Brion;null;2007;6;7.5;false;1800;2400;1430
775;Château Pavie;null;2005;12;7.5;true;3600;4200;3500
776;Château Pavie;null;2006;12;7.5;true;3600;4200;3400
777;La Gomerie;null;2001;12;7.5;true;600;840;520
778;La Gomerie;null;2001;12;7.5;true;600;840;520
779;Château Cap de Faugères;null;2005;12;7.5;true;240;330;180
781;Messorio;Azienda Le Macchiole;2002;6;7.5;true;480;660;500
782;Messorio;Azienda Le Macchiole;2002;72;7.5;true;480;660;0
783;Merlot Estate;Whitehall Lane Winery;1998;9;7.5;true;180;360;110
784;Merlot Estate;Whitehall Lane Winery;1998;12;7.5;true;240;480;0
785;Château Charmail;null;2006;8;7.5;true;1800;2700;0
786;Château Les Grands Chênes;null;2008;6;15;true;180;270;140
787;Château Les Grands Chênes;null;2008;6;15;true;180;270;140
788;Château Les Grands Chênes;null;2008;6;15;true;180;270;140
789;Clos du Jaugueyron;null;2005;12;7.5;true;480;6620;380
790;Château Ferrière;null;2001;144;3.75;true;180;300;160
791;Château Ferrière;null;2001;144;3.75;true;180;300;160
792;Château Margaux;null;2007;6;7.5;true;1800;2700;1700
793;Château Batailley;null;2007;1;60;true;300;450;400
794;Château Batailley;null;2007;1;60;true;300;450;280
795;Château Batailley;null;2007;1;60;true;300;450;280
796;Château Pichon Lal ande;null;2008;12;7.5;true;780;960;800
797;Château Pichon Baron;null;2006;4;7.5;true;280;400;300
798;Château Pichon Baron;null;2008;288;3.75;true;840;1200;600
799;Château Mouton Rothschild;null;2008;6;7.5;true;2100;3000;2000
800;Château Mouton Rothschild;null;2008;6;7.5;true;2100;3000;2000
801;Château Mouton Rothschild;null;2008;6;7.5;true;2100;3000;2000
802;Château Cos d’ Estournel;null;2008;12;7.5;true;960;1320;910
803;Château Duhart Milon;null;2008;12;7.5;true;540;720;540
804;Château Montrose;null;2008;12;7.5;true;780;960;600
805;Château Léoville Poyferré;null;2007;12;7.5;true;600;840;650
806;Château Léoville Poyferré;null;2007;12;7.5;true;600;840;580
807;Château Gruaud Larose;null;2001;288;3.75;true;720;960;600
808;Château Gruaud Larose;null;2001;288;3.75;true;720;960;600
809;Château Branaire Du;null;2007;12;7.5;true;360;480;300
810;Château La Mission Haut Brion;null;2006;12;7.5;true;2160;2700;2100
811;Château La Mission Haut Brion;null;2006;12;7.5;true;2160;2700;2100
812;Château La Mission Haut Brion;null;2006;12;7.5;true;2160;2700;2000
813;Château La Mission Haut Brion;null;2007;12;7.5;true;1440;1800;2000
814;Château La Mission Haut Brion;null;2007;12;7.5;true;1440;1800;1900
815;Château Haut Brion;null;2007;12;7.5;true;3000;3900;2850
816;Château Haut Brion;null;2007;12;7.5;true;3000;3900;2850
817;Château Haut Brion;null;2007;12;7.5;true;3000;3900;2850
818;Château Haut Brion;null;2007;3;15;true;1800;2400;1380
819;Château Haut Brion;null;2007;3;15;true;1800;2400;1380
820;Château Haut Brion;null;2008;6;7.5;true;1620;2100;1600
821;Château Haut Brion;null;2008;6;7.5;true;1620;2100;1600
822;Château Haut Brion;null;2008;12;7.5;true;3240;4200;3100
823;Château Haut Brion;null;2008;12;7.5;true;3240;4200;3100
824;Château La Dominique;null;2008;10;7.5;true;350;500;260
825;Château La Dominique;null;2008;12;7.5;true;420;600;320
826;Château Rol Valentin;null;2008;12;7.5;true;300;420;220
827;Château Clos Dubreuil;null;2008;3;15;true;420;600;320
828;Château Clos Dubreuil;null;2008;3;15;true;420;600;320
829;Château Clos Dubreuil;null;2008;3;15;true;420;600;300
830;Château Clos Dubreuil;null;2008;6;15;true;840;1200;650
831;Château Bellevue-Mondotte;null;2008;12;7.5;true;2400;3600;1800
832;Château Bellevue-Mondotte;null;2008;12;7.5;true;2400;3600;1800
833;La Mondotte;null;2007;6;7.5;true;720;960;600
834;La Mondotte;null;2007;6;7.5;true;720;960;600
835;La Mondotte;null;2007;12;7.5;true;1440;1920;1200
836;Château Pavie;null;2008;3;15;true;1050;1500;880
837;Château Gracia;null;2000;6;7.5;true;900;1500;750
838;Château Valandraud;null;1999;12;7.5;true;1200;1560;1000
839;Château Cheval blanc;null;2008;12;7.5;true;3600;4800;3000
840;Château Cheval blanc;null;2008;12;7.5;true;3600;4800;3000
841;Château Cheval blanc;null;2008;12;7.5;true;3600;4800;3000
842;Château de Chambrun;null;2006;11;7.5;true;275;385;170
843;Château de Chambrun;null;2008;12;7.5;true;300;420;220
844;Château de Chambrun;null;2008;12;7.5;true;300;420;220
845;Château de Chambrun;null;2008;12;7.5;true;300;420;240
846;Château lEglise Clinet;null;2007;4;7.5;true;360;480;280
847;Château lEglise Clinet;null;2007;6;7.5;true;540;720;420
848;Château lEglise Clinet;null;2007;6;7.5;true;540;720;420
849;Château lEglise Clinet;null;2007;6;7.5;true;540;720;420
850;Château lEglise Clinet;null;2008;6;7.5;true;900;1500;400
851;Château Trotanoy;null;2007;6;7.5;true;540;720;480
852;Château Trotanoy;null;2007;6;7.5;true;540;720;490
853;Château Trotanoy;null;2007;12;7.5;true;1080;1440;900
854;Château Trotanoy;null;2007;12;7.5;true;1080;1440;900
855;Château d’Yquem;null;2007;3;15;true;2100;3000;1700
856;Château d’Yquem;null;2007;3;15;true;2100;3000;1700
857;La Porte du Ciel;null;2008;6;7.5;false;420;600;380
858;Clos des Truffiers;Château de la Négly;2001;1;7.5;false;180;300;160
859;Clos des Truffiers;Château de la Négly;2001;3;7.5;true;540;900;500
860;Eneo;Montepeloso;2011;1;Salmanazar;true;350;500;380
862;Saffredi;Fattoria Le Pupille;2011;1;Melchior;true;1500;2000;1300
861;Flaccianello;null;2011;1;60;true;600;800;550
863;Château Lascombes;null;1999;12;7.5;true;600;840;450
864;Les Forts de Latour;null;1993;2;7.5;false;240;360;0
865;Château La Tour Blanche;null;1990;12;7.5;true;600;840;0
869;Château Margaux;null;1984;3;7.5;false;450;600;250
876;Château Lafite Rothschild;null;1972;3;7.5;false;450;750;0
877;Château Cantemerle;null;2004;12;7.5;true;240;360;0
878;Château Sociando Mallet;null;2004;10;7.5;true;250;350;190
879;Château Chasse Spleen;null;2004;10;7.5;true;200;300;190
880;Château Brane-Cantenac;null;2004;12;7.5;true;420;600;360
881;Château Gloria;null;2004;10;7.5;true;250;350;0
882;Château Phèlan Sègur;null;2004;10;7.5;true;250;350;240
883;Château Haut Bailly;null;2004;12;7.5;true;540;720;470
884;Château Croizet Bages;null;2000;12;7.5;true;360;480;0
885;Ornellaia;null;1994;1;60;true;800;1200;600
886;Château Gloria;null;2002;12;7.5;true;330;420;0
